patient_id	2-factor score	5-factor score	Age	Albumin < 4	Alive Status	Baseline neutrophil to lymphocyte ratio	Bellmunt Score	Best Response RECIST 1.1	Best response mRECIST	ECOG >0	Hb < 10	Liver Mets	Number of chemo regimens for mestatic disease	Number of chemo regimens total	Number of systemic regimens total	Number of sytemic regimens for metastatic disease	OS in days	Ongoing Responder RECIST 1.1	PD-L1	PFS (RECIST 1.1) in days	PFS (mRECIST 1.1) in days	Pack Years	Previous perioperative chemotherapy, with first progression Â²12 months	Prior BCG	Sequence Path	Sex	Site of Primary Tumor	Smoking	Still on Treatment	TFLC  < 3mo	Time from Diagnosis with Metastatic Disease (months)	Time on Treatment	Time since last chemotherapy	Timing of Sample (days prior to C1D1)	Unnamed: 37	Unnamed: 38	Unnamed: 39	Unnamed: 40	Unnamed: 41	Unnamed: 42	Variant Histology	Visceral Mets	bam_id_dna_normal	bam_id_dna_tumor	bam_id_rna_tumor	benefit	deceased	hla_allele_list	is_benefit	is_benefit_os	is_deceased	is_late_deceased	is_progressed	is_progressed_or_deceased	os	pfs	progressed	progressed_or_deceased	sample_id_dna_normal	sample_id_dna_tumor	sample_id_rna_tumor	missense_snv_count	expressed_missense_snv_count	neoantigen_count	expressed_neoantigen_count	Sample ID	Product	Sample Type	Time Point	Clinical Response	Cell count	Productive TCR Templates(cnt)	T-cell fraction	Clonality	Diversity	Productive Unique TCRs (cnt)	TCR Templates	Top Clone Freq(%)	Unique TCRs(cnt)	inputDNA(ng)	Productive Uniques Ratio	Sample ID_tumor	Product_tumor	Sample Type_tumor	Time Point_tumor	Clinical Response_tumor	Cell count_tumor	Productive TCR Templates(cnt)_tumor	T-cell fraction_tumor	Clonality_tumor	Diversity_tumor	Productive Unique TCRs (cnt)_tumor	TCR Templates_tumor	Top Clone Freq(%)_tumor	Unique TCRs(cnt)_tumor	inputDNA(ng)_tumor	Productive Uniques Ratio_tumor	N Expanded Clones that were TILs A->B	N Expanded Clones A->B	Unique TIL clones in B(cnt)	N Expanded Clones that were TILs A->C	N Expanded Clones A->C	Unique TIL clones in C(cnt)
40		3.0	71	0	N	2.22	2.0	Only scanned baseline	Only scanned at baseline	1	0	1	3	3	3	3	24	N	IC0	20	20	15	N	Y	TURBT	M	B	Y	N	1.0	22.0	0	87.0	18.0							N	1	41f31e9f603545c1bf8c7bed970707da	a77139d21e2241048b2fdcefb8c9c55c	gerald_H5NKVBBXX_6_TCCGCGAA-TATAGCCT	False	True	[A*02:01, A*32:01, B*53:01, B*18:01, C*07:01, C*04:01]	False	False	True	False	True	True	24	20	True	True	0040_S14-38354	M1502385	M1502431	540	182	1103	289	0040-14-090-9A	Deep	PBMC	A	Only scanned at baseline		163018.0	30.67396237	0.14997950000000002	13.998695000000001	90690	198835.0	8.83848417	113445	3451.0	0.556318934	0040_S14-38354	Survey	Tumor	A	Only scanned at baseline	29943.5137	382.4588	0.0128	0.063967	7.7423660000000005	309.0			405.0								
471		1.0	68	0	N	4.25	1.0	PD	SD	1	0	0	0	1	2	1	329	N	IC0	61	187	0	N	N	RC	M	B	N	N	0.0	5.0	210	416.0	601.0							N	1	b7784df09aca4eaa9c21ac12385d816a	fad31e86c1ec41f3895fddbc7d9226ce	gerald_H5NKVBBXX_6_AGCGATAG-TATAGCCT	False	True	[A*02:01, A*68:01, B*35:03, B*51:01, C*14:02, C*04:01]	False	False	True	True	True	True	329	61	True	True	0471_SYS12-10161	M1502382	M1502429	198	80	529	157	0471-14-090-6A	Deep	PBMC	A	PD		230181.0	41.10786079	0.34895718	10.497178	71400	261867.0	15.266910300000001	87364	3636.0	0.310190676	0471_SYS12-10161	Survey	Tumor	A	PD	14242.5349	947.9657	0.0666	0.11594600000000001	8.4089	730.0			896.0			8.0	103.0	180.0	4.0	46.0	200.0
522		2.0	46	0	N	4.37	2.0	PD	PD	1	0	1	1	1	1	1	76	N	IC1	58	58	60	N	Y	LN dissection	M	B	Y	N	0.0	11.0	42	231.0	169.0							Y	1	c43a3f07fec840568875366dc7ccdb9c	f9691ca345654958aa29dfad35652644	gerald_H5NKVBBXX_5_CGCTCATT-ATAGAGGC	False	True	[A*24:02, A*30:01, B*57:01, B*52:01, C*12:02, C*06:02]	False	False	True	False	True	True	76	58	True	True	0522_OSH: SP14-6779	M1502366	M1502439	23	10	72	12	0522-14-090-15A	Deep	PBMC	A	PD		208957.0	37.31748175	0.08161034	15.592970000000001	129142	249352.0	3.0523115919999997	155867	3636.0	0.6180314610000001																						
1233		3.0	66	0	Y	4.22	2.0	PR	PR	1	0	1	1	2	2	1	724	N	IC2	398	398	45	N	N	RC	M	B	Y	Y	1.0	10.0	724	78.0	524.0							N	1	d7b5dc7be5464c44b0634b2ed31f0d70	f3712973822746eb8f844dc8e45c5ddd	gerald_H5NKVBBXX_5_ATTACTCG-TATAGCCT	True	False	[A*26:01, A*11:01, B*35:01, B*27:05, C*07:02, C*02:02]	True	True	False	True	True	True	724	398	True	True	1233_S13-5121 5_4L	M1502378	M1502425	2	0	4	0	1233-14-090-1A	Deep	PBMC	A	PR		218675.0	39.05301244	0.04711821	16.449041	157219	269167.0	0.9351072009999999	193069	3636.0	0.71896193	1233_S13-5121_5_4L	Survey	Tumor	A	PR	25211.5023	5474.2294	0.2171	0.128326	10.37335	3823.0			4700.0			12.0	68.0	467.0	6.0	26.0	747.0
1249		4.0	78	0	N	1.53	3.0	Only scanned at baseline	Only scanned at baseline	1	1	1	1	1	1	1	54	N	IC2	41	41	0	N	N	RC	F	B	N	N	1.0	5.0	31	26.0	141.0							N	1	c6da2e21f5574acd9118e5866147bf63	dd8bd791bc9e4632a326e61531377627	gerald_H5NKVBBXX_5_TCCGGAGA-TATAGCCT	False	True	[A*03:01, A*68:01, B*35:01, B*44:02, C*05:01, C*04:01]	False	False	True	False	True	True	54	41	True	True	1249_S14-22404	M1502367	M1502412	218	7	590	18	1249-14-090-16A	Deep	PBMC	A	Only scanned at baseline		261113.0	46.63198463	0.21936372	13.17115	119971	303349.0	11.40732292	146084	3636.0	0.459460081	1249_S14-22404	Survey	Tumor	A	Only scanned at baseline	61614.8231	2234.5373	0.0363	0.221381	7.6248493	887.0			1127.0			6.0	107.0	290.0			
1849		3.0	69	1	N	6.67	2.0	SD	SD	1	1	0	2	3	4	3	468	N	IC2	265	265	100	N	N	RC	M	B	Y	N	0.0	34.0	261	315.0	1415.0							Y	1	86571f2050fa4a9bb0d57abbda04f200	42a2666f754a41d59af5ce74581eac3d	gerald_H5NKVBBXX_7_CGCTCATT-TATAGCCT	True	True	[A*11:01, A*01:01, B*50:01, B*35:25, C*04:01, C*06:02]	True	True	True	True	True	True	468	265	True	True	1849_S10-56583 6_7L	M1502390	M1502435	180	41	237	67	1849-14-090-28A	Deep	PBMC	A	SD		201628.0	36.00860086	0.15736492	14.188557000000001	117176	245750.0	8.472431333	145351	3636.0	0.581149444	1849_S10-56583_6_7L	Survey	Tumor	A	SD	91330.8369	20851.9344	0.2283	0.339484	7.6383057	3028.0			3802.0			4.0	42.0	411.0	3.0	22.0	420.0
1994		1.0	81	0	N	7.4	1.0	SD	SD	1	0	0	1	2	2	1	403	N	IC0	121	121	0	N	N	RC	F	B	N	N	0.0	13.0	161	351.0	652.0							Y	1	56f224819b0b42ff92722a2d1f38e7b8	f549d023f5b54657b842919210c0c58d	gerald_H5NKVBBXX_7_GAGATTCC-TATAGCCT	False	True	[A*03:01, A*03:01, B*07:02, B*07:02, C*07:02, C*07:02]	False	True	True	True	True	True	403	121	True	True	1994_S12-48509 4_7L	M1502381	M1502428	3	2	6	3	1994-14-090-4A	Deep	PBMC	A	SD		181416.0	38.75085441	0.02194073	16.771245999999998	145179	210479.0	0.23755339	169193	3040.0	0.8002546629999999	1994_S12-48509_4_7L	Survey	Tumor	A	SD	13009.1177	1470.8927	0.1131	0.093285	9.265869	1192.0			1391.0			1.0	52.0	158.0	1.0	12.0	132.0
2131		1.0	61	0	Y	1.68	1.0	CR	CR	1	0	0	1	1	1	1	630	Y	IC2	560	560	0	N	N	TURBT	M	B	N	Y	0.0	7.0	630	98.0	227.0							N	0	50416ee62692420caea36f08f908c355	492e4b0554a543be909d32ea3a8223ff	gerald_H5NKVBBXX_7_TCCGGAGA-CCTATCCT	True	False	[A*02:01, A*02:01, B*27:02, B*08:01, C*07:01, C*02:02]	True	True	False	True	False	False	630	560	False	False	2131_S14-11099 2_2 GU	M1502376	M1502421	412	184	566	206	2131-14-090-26A	Deep	PBMC	A	CR		195966.0	43.864408600000004	0.02729735	16.794043	157538	253480.0	0.35663563200000004	205023	2901.0	0.803904759	2131_S14-11099_2_2_GU	Survey	Tumor	A	CR	6473.5789	1300.7764	0.2009	0.11051199999999999	8.598775999999999	813.0			1080.0			10.0	109.0	127.0	3.0	11.0	136.0
2278		1.0	62	0	Y	2.71	1.0	CR	CR	1	0	0	0	1	2	0	702	Y	IC1	655	655	0	Y	N	RC	M	B	N	Y	0.0	3.0	702	348.0	314.0							N	0	cdd4327eb8284aa5907aae82992b17c7	a994cc1b56604ddba0ce2cd7e786cfc8	gerald_H5NKVBBXX_7_ATTCAGAA-TATAGCCT	True	False	[A*24:02, A*02:01, B*27:02, B*14:02, C*08:02, C*02:02]	True	True	False	True	False	False	702	655	False	False	2278_S13-47848 7_9PV	M1502383	M1502430	14	7	2	1	2278-14-090-7A	Deep	PBMC	A	CR		312197.0	55.75503979	0.20877023	13.548723	142799	375602.0	2.27874186	171708	3636.0	0.457400295	2278_S13-47848_7_9PV	Survey	Tumor	A	CR	13779.2785	669.0003	0.0486	0.046536	8.848881	622.0			769.0			4.0	93.0	127.0	3.0	22.0	144.0
2389	1.0		66	0	Y	3.13		CR	CR	1	0	0	0	0	0	0	651	Y	IC2	646	646	10	N	N	NephroU	M	UT	Y	Y		1.0	651		176.0							N	0	a01c6d02c207434283de99921fafd3a8	9ef020c408684a5e90ffbec62001a72f	gerald_H5NKVBBXX_7_GAATTCGT-TATAGCCT	True	False	[A*24:02, A*01:01, B*38:01, B*40:01, C*12:03, C*03:04]	True	True	False	True	False	False	651	646	False	False	2389_S14-26091	M1502371	M1502416	57	28	140	73	2389-14-090-21A	Deep	PBMC	A	CR		196374.0	44.72661677	0.03235131	16.58094	143958	245871.0	0.892337852	182141	2851.0	0.7330807540000001	2389_S14-26091	Survey	Tumor	A	CR	398735.0095	133167.3343	0.33399999999999996	0.14013299999999998	8.599323	675.0			823.0			12.0	53.0	4879.0	9.0	18.0	4506.0
2849		1.0	59	0	N	9.67	1.0	PD	PD	1	0	0	1	1	1	1	586	N	IC1	75	75	10	N	N	Prostate Bx	M	B	Y	N	0.0	2.0	301	317.0	621.0							Y	1	ffaac7dd973042b1ae868ccff9e21d94	065b7b20a9714d289eff785ff3979532	gerald_H5NKVBBXX_7_CTGAAGCT-TATAGCCT	False	True	[A*02:01, A*03:01, B*07:02, B*27:05, C*07:02, C*01:02]	False	True	True	True	True	True	586	75	True	True	2849_S12-59715-1	M1502380	M1502427	304	153	761	306	2849-14-090-3A	Deep	PBMC	A	PD		125398.0	26.39457787	0.03669893	15.797667	86446	155827.0	0.25541145	108079	3085.0	0.689373036	2849_S12-59715-1	Survey	Tumor	A	PD	32065.2037	908.8489999999999	0.0283	0.08505599999999999	10.663839999999999	3957.0			4673.0			5.0	57.0	108.0	7.0	91.0	126.0
2937		4.0	73	1	N	4.06	2.0	SD	SD	1	0	1	2	3	3	2	44	N	IC2	37	37	32	N	Y	TURBT	M	B	Y	N	1.0	17.0	21	77.0	3344.0							N	1	ad1e7c2ce3b54b498b101546688526f1	15e69e4afe2b4165b830216ec742f9e8	gerald_H5NKVBBXX_4_TAATGCGC-TATAGCCT	False	True	[A*32:01, A*23:01, B*35:03, B*18:01, C*12:03, C*04:01]	False	False	True	False	True	True	44	37	True	True	2937_S05-29839 1_1	M1502373	M1502418	372	56	802	96	2937-14-090-23A	Deep	PBMC	A	PD		49584.0	16.19587656	0.1464691	12.660667	29192	63476.0	2.509609931	35329	1988.0	0.588738303	2937_S05-29839_1_1	Survey	Tumor	A	PD	37119.0204	8908.1388	0.24	0.107643	9.170636	1107.0			1321.0			1.0	50.0	155.0			
3529		1.0	72	0	N	3.0	1.0	PD 	PD	1	0	0	1	1	1	1	182	N	IC1	64	64	40	N	Y	RC	M	B	Y	N	0.0	2.0	108	960.0	896.0							N	1	ac137187664f496ca6270eed8e78629d	acbba8d01a6d4930b6c12b44015625ee	gerald_H5NKVBBXX_4_CGGCTATG-TATAGCCT	False	True	[A*24:02, A*02:05, B*50:02, B*50:01, C*06:02, C*06:02]	False	False	True	True	True	True	182	64	True	True	3529_S12-3955 4_10_F3	M1502379	M1502426	143	59	237	84	3529-14-090-2A	Deep	PBMC	A	PD 		189315.0	43.77913753	0.21066004	12.823454	77709	242493.0	4.903646703	94368	2808.0	0.410474606	3529_S12-3955_4_10_F3	Survey	Tumor	A	PD 	10028.1022	1333.3744	0.133	0.09313300000000001	5.8689337	67.0			90.0			1.0	36.0	136.0	1.0	63.0	182.0
5037		2.0	60	0	Y	4.1	1.0	CR	CR	1	0	0	2	2	2	2	610	Y	IC2	561	561	0	N	N	NephroU	M	UT	N	Y	1.0	27.0	610	70.0	943.0							Y	0	cb5a0577237548c387c7323cedc1d0d3	976af08f8e4f4ab280c7c0e08778df4a	gerald_H5NKVBBXX_5_ATTACTCG-ATAGAGGC	True	False	[A*26:01, A*02:02, B*38:01, B*40:02, C*12:03, C*02:02]	True	True	False	True	False	False	610	561	False	False	5037_S12-16630 1_2 TSF	M1502391	M1502436	601	127	2071	318	5037-14-090-29A	Deep	PBMC	A	CR		92736.0	20.80794119	0.06814975	14.735048	57556	116140.0	2.009643534	70795	2894.0	0.620643547	5037_S12-16630_1_2_TSF	Survey	Tumor	A	CR	65787.8164	6693.8559	0.1017	0.15201199999999998	8.240606	505.0			645.0			10.0	86.0	617.0	4.0	24.0	502.0
5122		2.0	73	0	Y	5.0	2.0	PR	PR	1	0	1	0	1	1	0	700	Y	IC2	565	565	45	Y	Y	RC	M	B	Y	N	0.0	8.0	588	149.0	519.0							Y	1	825ce44ad842442581f90eff9d5e897c	b35be15c0e7e472abf1386a783d24d42	gerald_H5NKVBBXX_5_TCCGGAGA-ATAGAGGC	True	False	[A*24:02, A*32:01, B*55:01, B*38:01, C*12:03, C*03:03]	True	True	False	True	False	False	700	565	False	False	5122_S13-9876, 3_8L	M1502384	M1502440	216	82	680	227	5122-14-090-8A	Deep	PBMC	A	PR		197578.0	36.47921598	0.11639927	14.494036999999999	86678	237653.0	2.387935351	105073	3517.0	0.43870269	5122_S13-9876_3_8L	Survey	Tumor	A	PR	12051.8124	660.6277	0.0548	0.082352	9.382719999999999	1104.0			1321.0			5.0	46.0	135.0	1.0	110.0	95.0
5338		2.0	62	0	N	8.18	2.0	PD	PD	1	0	1	1	1	1	1	266	N	IC1	67	67	45	N	N	RC	M	B	Y	N	0.0	2.0	47	626.0	553.0							N	1	a21c86beb3324af8bd2578ea9415d2c3	65c272ab8d38462b904283603b252511	gerald_H5NKVBBXX_7_GAGATTCC-ATAGAGGC	False	True	[A*24:02, A*02:01, B*40:02, B*40:01, C*03:04, C*02:02]	False	False	True	True	True	True	266	67	True	True	5338_S13-10376 3-4L	M1502388	M1502434	26	10	74	24	5338-14-090-13A	Deep	PBMC	A	PD		121983.0	31.72196246	0.03068134	15.896223	86438	145634.0	0.373539146	103719	2497.0	0.708606937	5338_S13-10376_3-4L	Survey	Tumor	A	PD	21024.0308	1292.2133	0.0615	0.071801	10.404013	2992.0			3659.0			1.0	27.0	241.0	3.0	20.0	169.0
6229		1.0	57	0	Y	2.0	1.0	CR	CR	1	0	0	0	1	1	0	652	N	IC1	252	252	0	Y	N	TURBT	M	B	N	N	0.0	0.0	317	182.0	355.0							Y	0	81e1b193774c4cbfa9246ee99e8f8bcf	ae5b848084184c3b9b7b006f5204c93f	gerald_H5NKVBBXX_5_ATTCAGAA-ATAGAGGC	True	False	[A*32:01, A*30:01, B*35:02, B*13:02, C*06:02, C*04:01]	True	True	False	True	True	True	652	252	True	True	6229_S15-50380	M1502368	M1502413	46	9	102	9	6229-14-090-18A	Deep	PBMC	A	CR		335089.0	59.84330576	0.06156108	16.57776	207860	419357.0	1.212809134	255344	3636.0	0.620312812	6229_S15-50380	Survey	Tumor	A	CR	16975.5376	3839.1253	0.2262	0.098977	8.352172999999999	673.0			853.0			6.0	76.0	583.0	3.0	81.0	643.0
6428		4.0	80	1	N	9.43	2.0	PD	SD	1	1	0	1	2	3	1	163	N	IC1	61	110	15	N	N	RC	M	B	Y	N	1.0	8.0	63	63.0	474.0							N	1	04f47d3924584af29fc230474f70ed9a	19984f38435b4fcc8024370bae59f1fc	gerald_H5NKVBBXX_6_GAATTCGT-ATAGAGGC	False	True	[A*26:01, A*66:01, B*41:02, B*27:05, C*17:01, C*02:02]	False	False	True	True	True	True	163	61	True	True	6428_S13-25113 5_9L	M1502387	M1502433	1	0	0	0	6428-14-090-11A	Deep	PBMC	A	PD		127983.0	27.49118232	0.18495351	12.996203	63100	168308.0	3.318915322	79280	3023.0	0.493034231	6428_S13-25113_5_9L	Survey	Tumor	A	PD	15588.4828	1106.8906	0.071	0.110947	10.182948	2738.0			3388.0			2.0	12.0	122.0	3.0	18.0	121.0
6800	1.0		74	1	Y	4.09		SD	SD	1	0	0	0	0	0	0	651	Y	IC1	650	650	60	N	Y	TURBT	M	B	Y	Y		4.0	651		710.0							Y	0	87e765c9b4de44a4a561d22365f5885a	949a7804465b4059b2155849451a56de	gerald_H5NKVBBXX_4_CTGAAGCT-ATAGAGGC	True	False	[A*69:01, A*03:01, B*35:01, B*14:02, C*04:01, C*08:02]	True	True	False	True	False	False	651	650	False	False	6800_OSH: TS-12-14437	M1502389	M1502441	172	43	374	87	6800-14-090-14A	Deep	PBMC	A	PR		174007.0	31.07578615	0.07481486	15.416079000000002	103746	204947.0	3.155449946	123983	3636.0	0.596217394																						
7577		1.0	69	0	N	3.0	1.0	PD	PD	1	0	0	0	1	1	0	117	N	IC2	60	60	0	Y	N	RC	F	B	N	N	0.0	7.0	45	130.0	238.0							N	0	f307a3c8260244aeb9a59d82e6407efc	83cb3d52e72c4ee786849fba03d45c6d	gerald_H5NKVBBXX_4_TAATGCGC-ATAGAGGC	False	True	[A*02:01, A*01:01, B*49:01, B*51:01, C*07:01, C*02:02]	False	False	True	True	True	True	117	60	True	True	7577_S14-7038 1_7L	M1502372	M1502417	2	0	2	0	7577-14-090-22A	Deep	PBMC	A	PD		172686.0	40.95462609	0.16470522	13.742512	89667	226233.0	3.349201929	111100	2738.0	0.51924881	7577_S14-7038_1_7L	Survey	Tumor	A	PD	22523.7777	4306.5511	0.1912	0.10823800000000001	10.15045	2101.0			2433.0			6.0	139.0	411.0	1.0	33.0	232.0
7729		2.0	63	0	N	2.13	2.0	PD	PD	1	0	1	1	3	3	1	354	N	IC1	60	60	0	N	Y	RC	M	B	N	N	0.0	10.0	105	130.0	441.0							Y	1	9db827a8acc04219accb28887b49bc34	b34cc97d9996439b887d547059c5c28f	gerald_H5NKVBBXX_6_CGGCTATG-ATAGAGGC	False	True	[A*01:01, A*03:01, B*08:01, B*13:02, C*07:01, C*06:02]	False	False	True	True	True	True	354	60	True	True	7729_S13-39493 3_12 LAW	M1502377	M1502422	4	0	9	0	7729-14-090-27A	Deep	PBMC	A	PD		198066.0	35.37246582	0.24861683	12.301758999999999	84822	232813.0	9.056195316	99552	3636.0	0.428251189	7729_S13-39493_3_12_LAW	Survey	Tumor	A	PD	22765.9093	2858.7795	0.1256	0.080314	9.290617	1284.0			1512.0			18.0	117.0	363.0	8.0	37.0	349.0
8728		0.0	55	0	N	4.36	0.0	PD 	PD	0	0	0	1	1	1	1	546	N	IC1	61	61	60	N	N	RC	M	B	Y	N	0.0	2.0	355	617.0	551.0							N	0	2d605c3189fc47a7a4d59967075f3799	2fd0f78682fc4c0d85f3a3fd53b93645	gerald_H5NKVBBXX_6_TCCGCGAA-ATAGAGGC	False	True	[A*29:02, A*29:02, B*44:03, B*51:01, C*16:01, C*15:02]	False	True	True	True	True	True	546	61	True	True	8728_S13-17092 5_10L	M1502375	M1502420	10	0	6	0	8728-14-090-25A	Deep	PBMC	A	PD 		121502.0	26.68157004	0.0495139	15.418823000000001	76440	146779.0	0.451018197	91664	2957.0	0.629125446	8728_S13-17092_5_10L	Survey	Tumor	A	PD 	18290.7142	1846.0485	0.1009	0.10030700000000001	5.861644	87.0			119.0			4.0	43.0	330.0	2.0	36.0	245.0
9517		1.0	80	0	N	3.92	1.0	SD	SD	1	0	0	1	1	1	1	331	N	IC0	121	178	0	N	Y	TURBT	M	B	N	N	0.0	14.0	191	280.0	108.0							N	1	749e056d9b2a48d4be82ecac7f328498	9dee3c512e2e44fb8d05a33265830e2d	gerald_H5NKVBBXX_4_TCTCGCGC-ATAGAGGC	False	True	[A*01:01, A*03:01, B*35:01, B*38:01, C*12:03, C*04:01]	False	False	True	True	True	True	331	121	True	True	9517_S14-30425 1_1 GU	M1502369	M1502414	149	77	425	151	9517-14-090-19A	Deep	PBMC	A	SD		276829.0	49.43869387	0.0627618	16.313963	173722	340120.0	0.536575326	215568	3636.0	0.627542635	9517_S14-30425_1_1_GU	Survey	Tumor	A	SD	10833.152	105.6406	0.0098	0.090223	9.271891	1067.0			1323.0			1.0	39.0	37.0	1.0	51.0	33.0
9723		3.0	61	1	N	4.15	2.0	Only scanned baseline	Only scanned baseline	1	0	1	1	2	2	1	22	N	IC2	19	19	0	N	Y	RC	M	B	N	N	0.0	7.0	0	229.0	197.0							N	1	29d2ba0261fa4426bf2cc0d9df25af82	2e6d92de2f7440da9e616376a147c68e	gerald_H5NKVBBXX_6_AGCGATAG-ATAGAGGC	False	True	[A*24:02, A*01:01, B*07:02, B*08:01, C*07:02, C*07:01]	False	False	True	False	True	True	22	19	True	True	9723_S14-15330	M1502374	M1502419	5	0	12	0	9723-14-090-24A	Deep	PBMC	A	Only scanned at baseline		101392.0	24.57594664	0.1441527	13.497567000000002	55917	119536.0	7.688060501	68060	2679.0	0.551493214	9723_S14-15330	Survey	Tumor	A	Only scanned at baseline	16601.5398	1560.0989	0.094	0.07828099999999999	8.707550999999999	659.0			830.0								
9881		3.0	78	0	N	5.83	2.0	Only scanned baseline	Only scanned at baseline	1	1	0	1	1	1	1	318	N	IC1	84	84	20	N	Y	RC	M	B	Y	N	1.0	8.0	70	54.0	416.0							N	0	5b22d535e71b4d04a9b3a8d51e6049cc	4b4781698fb341e0960625512b95ecff	gerald_H5NKVBBXX_5_ATTACTCG-CCTATCCT	False	True	[A*24:02, A*02:01, B*07:02, B*15:01, C*03:03, C*07:02]	False	False	True	True	True	True	318	84	True	True	9881_S13-31947 5_10 LLL	M1502386	M1502432	1	0	7	0	9881-14-090-10A	Deep	PBMC	A	Only scanned at baseline		162116.0	28.95218093	0.0512207	16.008274	119985	201268.0	0.848122901	150280	3636.0	0.740118187	9881_S13-31947_5_10_LLL	Survey	Tumor	A	Only scanned at baseline	26299.1924	758.1155	0.0288	0.070117	13.56884	56273.0			69550.0			3.0	32.0	142.0	2.0	28.0	100.0
